"Wasatch Trails Collective would not be what it is without our community made up of diverse backgrounds and experiences. As a running (and many other sports/recreational interests) group, we know how much of a privilege it is to be able to move & recreate freely and without fear. Our community remains dedicated to supporting one another until all the walls from Palestine to Mexico are torn down. Support local & support those who are in solidarty with our community!! ❤️‍🔥",,,,,,,
"Supporting businesses (whether closed for part of or the whole day; offering up space and resources; donating a portion or all of proceeds; showing solidarity, etc.) compiled from Utah Small Business Strike Coalition & social media posts. ",,,,,,,
INTERACTIVE MAP HERE,,,,,,,
Business,Category,Website,Driving,Address,County,Lat,Lon
1 Salon,Hair & Nails / Salon,https://1-salon.com/,https://maps.app.goo.gl/Eth8fWNstkd7VoaJA,"1005 E 3900 S, Salt Lake City, UT 84124",Salt Lake County,40.734958,-111.859362
1974 Bookstore,Bookstore,https://bookshop.org/shop/1974bookstoreslc,https://maps.app.goo.gl/56d8gG7z5a2q7YDp7,"351 W 400 S Unit B, Salt Lake City, UT 84101",Salt Lake County,40.7603,-111.90143
45 World Records,Shopping & Retail,https://www.instagram.com/45worldrecords/,https://maps.app.goo.gl/5VGntFgXrrAf4qxU6,"1120 Richards St, Salt Lake City, UT 84101",Salt Lake County,40.744603,-111.892828
Abyss Body Piercing,Body Art,https://www.abysspiercing.com/,https://maps.app.goo.gl/EEe5L1cdU5BtMWw5A,"245 E 300 S, Salt Lake City, UT 84111",Salt Lake County,40.763045,-111.883829
Aces High Saloon,Food / Beverages,https://aceshighsaloon.com/,https://maps.app.goo.gl/a9qp9hk196HwFZ83A,"1588 US-89, Salt Lake City, UT 84115",Salt Lake County,40.735055,-111.88866
Annihilation tattoo,Body Art,https://www.instagram.com/annihilation.tattoo/,https://maps.app.goo.gl/HT9yLR4h6tKrTN8p6,"1597 S 1100 E, Salt Lake City, UT 84105",Salt Lake County,40.734958,-111.859362
Another Round Salt Lake City - Disc Golf Shop,Shopping & Retail,https://www.anotherroundsaltlake.com/,https://maps.app.goo.gl/vJXWRLFXdVqZMFoi6,"6092 S 900 E, Murray, UT 84121",Salt Lake County,40.734958,-111.859362
Art Cafe SLC,Art,https://artcafeslc.com/,https://maps.app.goo.gl/4CRqfxgay3qEk5QA9,"870 E 900 S, Salt Lake City, UT 84105",Salt Lake County,,
Azúcar Cafe,Food / Beverages,https://www.azucarcafeutah.com/,https://maps.app.goo.gl/SLbCgbR9AH1sXWNg9,"2843 S 5600 W #120, West Valley City, UT 84120",Salt Lake County,,
Baby's Bagels,Food / Beverages,https://www.babysbagels.com/,https://maps.app.goo.gl/J1GNmASKRx68Rt2t5,"204 E 500 S, Salt Lake City, UT 84111",Salt Lake County,,
Back of Beyond Books,Bookstore,https://backofbeyondbooks.com/,https://maps.app.goo.gl/QJaxSk73CYvL7FVRA,"83 N Main St, Moab, UT 84532",Grand County,,
Better Than Therapy Booktique,Bookstore,https://bttbooktique.com/,https://maps.app.goo.gl/5bWFzh7HQDXR6eta6,"370 S 300 E unit 110, Salt Lake City, UT 84111",Salt Lake County,,
Blaq Void,Shopping & Retail (online),https://www.instagram.com/blaqvoid/?hl=en,,online,,,
Buds,Food / Beverages,https://budsslc.com/,https://maps.app.goo.gl/F3rJqZZjqfqwQQoC9,"509 E 300 S, Salt Lake City, UT 84102",Salt Lake County,,
Bullets & Bees Boutique,Shopping & Retail (online),https://bulletsbeesboutique.com/,,online,,,
Caffe Ibis Coffee,Shopping & Retail,https://www.caffeibis.com/,https://maps.app.goo.gl/C6RMNHMZqSdHfFLE7,"52 Federal Ave, Logan, UT 84321",Cache County,,
Cahoots,Shopping & Retail,https://www.instagram.com/cahoots_slc/,https://maps.app.goo.gl/2FM8DvpuR8vn3oc99,"878 Harvey Milk Blvd, Salt Lake City, UT 84105",Salt Lake County,,
Caputo's Market & Deli,Market,https://caputos.com/,https://maps.app.goo.gl/pDvi7RwpmkvKscAaA,"4670 S Holladay Village Plaza 101, Salt Lake City, UT 84117",Salt Lake County,,
Care Chiropractic and Functional Medicine,Movement & Recreation / Health,https://www.foundationschiropracticandwellnesscenter.com/,,"5814 S 900 E, Murray, UT 84121",,,
Central 9th Market,Market,https://central9th.com/,,"161 W 900 S, Salt Lake City, UT 84101",,,
Central Book Exchange,Bookstore,https://www.central-bookexchange.com/,,"2017 S 1100 E, Salt Lake City, UT 84106",,,
Cinnful Buns,Food / Beverages,https://www.instagram.com/grabcinnfulbuns/,,"556 E 2100 S, Salt Lake City, UT 84106",,,
City of Industry,Shopping & Retail,https://cityofindustryshop.com/,,online,,,
Coffee Noir,Food / Beverages,https://coffeenoir.com/,,"1035 E 200 S, Salt Lake City, UT 84102",,,
Copperhive Vintage,Shopping & Retail,https://www.shopcopperhive.com/,,"2709 S State St, Salt Lake City, UT 84115",,,
Cozy Coffee Lounge,Food / Beverages,https://www.cozycoffeelounge.com/,,"2580 S Main St, South Salt Lake, UT 84115",,,
CRUDE Personal Care,Shopping & Retail,https://livecrude.com/,,"824 400 W B135, Salt Lake City, UT 84101",,,
Culture Coffee,Food / Beverages,https://culturecoffeeslc.com/,,"285 N 900 W, Salt Lake City, UT 84116",,,
Detail Auto Spa,Automobile,https://detailautospa.simplybook.me/,,"3875 S 900 E, Millcreek, UT 84106",,,
Diabolical Records,Shopping & Retail,https://diabolicalrecords.com/,,"238 S Edison St East, Salt Lake City, UT 84111",,,
District Coffee Co,Food / Beverages,https://www.instagram.com/districtcoffeecoslc,,"206 N 200 W #1, Salt Lake City, UT 84103",,,
Doki Doki Dessert Cafe,Food / Beverages,https://www.dokidessert.com/,,"249 E 400 S, Salt Lake City, UT 84111",,,
Drawn to Dragons,Art,https://www.kaitlundzupanic.com/,,"1200 Towne Centre Blvd Suite 1084, Provo, UT 84601",,,
Duffy's Tavern,Food / Beverages,https://duffystavernslc.com/,,"932 S Main St, Salt Lake City, UT 84101",,,
Easy Does It,Shopping & Retail,https://www.instagram.com/easydoesitbabe/,,"501 E 300 S, Salt Lake City, UT 84102",,,
Echelon Tattoo,Body Art,https://echelontattoo.com/,,"7677 S Main St, Midvale, UT 84047",,,
Essential Photo Supply,Film Processing + Scanning,https://essentialphotosupply.com/,,"959 E 900 S, Salt Lake City, UT 84105",,,
Folklore Bookshop,Bookstore,https://folklorebookshop.com/,,"49 N 200 W Suite 101, Midway, UT 84049",,,
fulFILLed Lifestyle Co.,Shopping & Retail,https://shop.fulfilledlifestyleco.com/,,"6699 N Landmark Dr G103, Park City, UT 84098",,,
Girls Who Smash,Food / Beverages,https://www.instagram.com/girlswhosmashslc/,,online,,,
Graywhale Entertainment,Shopping & Retail,https://www.graywhaleslc.com/,,"1773 W 4700 S, Taylorsville, UT 84129",,,
Groovy Peach Piercing Co,Body Art,https://groovypeach.com/,,"Styla Salon Studios, 3352 UT-151 SUITE 5, South Jordan, UT 84095",,,
Ground to Earth Coffee & Drink Bar,Food / Beverages,https://www.instagram.com/groundtoearthcoffeeanddrinkbar/,,"11248 S Kestrel Rise Rd #102, South Jordan, UT 84009",,,
Guitar Czar Repair,Repair Shop (Musical Instruments),https://www.guitarczar.com/,,"2212 S W Temple St #8, South Salt Lake, UT 84115",,,
Hallowed Grounds,Food / Beverages,https://www.hallowedgrounds.rip/,,"370 S 300 E, Salt Lake City, UT 84111",,,
HK Brewing Collective,Food / Beverages,https://hkbrewing.com/,,"370 Aspen Ave, Salt Lake City, UT 84101",,,
Java Jo's,Food / Beverages,https://javajos.com/,,"847 E 4500 S, Millcreek, UT 84107",,,
JJ Coffee Co,Food / Beverages,https://jjcoffee.co/,,"330 E 400 S Suite 102, Salt Lake City, UT 84111",,,
"Kahve Cafe",Food / Beverages,https://www.instagram.com/kahvecafeslc/,,"57 S 600 E, Salt Lake City, UT 84102",,,
Ken Sanders Rare Books,Bookstore,https://www.kensandersbooks.com/,,"209 E 500 S, Salt Lake City, UT 84111",,,
Khroma Herbal Apothecary,Shopping & Retail,https://www.khromaherbs.com/,,"2335 Grant Ave, Ogden, UT 84401",,,
Kittens SLC,Nightclub,https://www.instagram.com/kittens_slc/,,online,,,
"La Casa Del Tamal",Food / Beverages,https://www.lacasadeltamalutah.com/,,"2843 S 5600 W, West Valley City, UT 84120",,,
Lagg Bookstore,Bookstore,https://www.instagram.com/laggbookstore/,,"51 E Main St, Lehi, UT 84043",,,
Lavender Vinyl,Shopping & Retail,https://lavendervinyl.com/,,"123 25th St, Ogden, UT 84401",,,
Laziz Kitchen,Food / Beverages,https://lazizkitchen.com/,,"912 S Jefferson St, Salt Lake City, UT 84101",,,
Liberty Heights Fresh,Market,https://libertyheightsfresh.com/,,"1290 1100 E, Salt Lake City, UT 84105",,,
LINGER,Shopping & Retail,https://www.instagram.com/lingerslc/,,"7192 Union Park Ave, Midvale, UT 84047",,,
Lonely Hearts Club Tattoo,Body Art,https://lonelyheartsclub.tattoo/,,"15 E 400 S, Salt Lake City, UT 84111",,,
Lovebound Library,Bookstore,https://loveboundlibraryslc.com/,,"145 E 900 S, Salt Lake City, UT 84111",,,
Lucero Hair & Wellness,Hair & Nails / Salon,https://lucerohairandwellness.com/,,"1095 S State St, Salt Lake City, UT 84111",,,
Luna Coffee & Crystals,Food / Beverages,https://www.lunacoffeeandcrystalsslc.com/,,"25A E Kensington Ave, Salt Lake City, UT 84115",,,
Mara Shop & Studio,Shopping & Retail,https://marashopstudio.com/,,"88 Q St, Salt Lake City, UT 84103",,,
Mazza ,Food / Beverages,https://www.mazzacafe.com/,,"1515 S 1500 E, Salt Lake City, UT 84105",,,
Mecca Bar Co. + Cafe,Food / Beverages,https://www.instagram.com/meccabarco/,,"650 S 500 W, Salt Lake City, UT 84101",,,
Melancholy,Food / Beverages,https://www.melancholyslc.com/,,"556 Gale St, Salt Lake City, UT 84101",,,
Mercy Tattoo,Body Art,https://mercytattooslc.squarespace.com/,,"180 S 200 E, Salt Lake City, UT 84111",,,
Millcreek Mercantile,Shopping & Retail,https://www.millcreek-mercantile.com/,,"881 E 3900 S, Millcreek, UT 84107",,,
Moab Cyclery,Movement & Recreation / Health,https://moabcyclery.com/,,"391 S Main St, Moab, UT 84532",,,
Mochi Play Store by Mochi Kids,Shopping & Retail,https://www.mochikids.com/,,"932 E 900 S Suite A, Salt Lake City, UT 84105",,,
Modern West Fine Art,Art,https://www.modernwestfineart.com/,,"242 E S Temple St, Salt Lake City, UT 84111",,,
Moon Peak Coffeehouse,Food / Beverages,https://www.instagram.com/moonpeakcoffee,,"50 E 500 N #105, Provo, UT 84606",,,
Mother Café & Bar,Food / Beverages,https://houseofmother.co/,,"369 S Main St, Salt Lake City, UT 84111",,,
"MOTHER plants + goods",Floral / Plants,https://www.saltcityplants.com/,,"370 S 300 E Suite 200, Salt Lake City, UT 84111",,,
"Mountain Town Olive Oil",Food / Beverages,https://www.instagram.com/mountaintownoliveoil/,,"613 Main St, Park City, UT 84060",,,
Native Flower Company,Floral / Plants,https://www.nativeflowercompany.com/,,"1448 E 2700 S, Salt Lake City, UT 84106",,,
Naturally NaQuai,Shopping & Retail,https://naturallynaquai.com/,,online,,,
Neighbors Bar,Food / Beverages,https://www.slc-neighbors.com/,,"430 E 900 S, Salt Lake City, UT 84111",,,
normal ice cream,Food / Beverages,https://www.normal.club/,,"1357 E 3300 S, Salt Lake City, UT 84106",,,
NOUVE home goods,Shopping & Retail,https://www.nouve.shop/,,"434 E S Temple St # 2, Salt Lake City, UT 84111",,,
Old Cuss Cafe,Food / Beverages,https://oldcuss.com/,,"325 Pierpont Ave, Salt Lake City, UT 84101",,,
Oliver & Princess Natasha Vintage Shop,Shopping & Retail,https://www.instagram.com/oliverprincessnatashavintage/,,"1531 Major St, Salt Lake City, UT 84115",,,
Passion Flour Patisserie,Food / Beverages,https://www.passionflourslc.com/,,"165 E 900 S, Salt Lake City, UT 84111",,,
Phoenix Vine Plants & Pots,Floral / Plants,https://phoenixvine.com/,,"3540 S Main St, South Salt Lake, UT 84115",,,
Pibs Exchange,Shopping & Retail,https://www.pibsexchange.com/,,"1147 S Ashton Ave, Salt Lake City, UT 84106",,,
Picnic Cafe,Food / Beverages,https://www.picnicslc.com/,,"1329 S 500 E, Salt Lake City, UT 84105",,,
Planted in Pages,Bookstore,https://www.instagram.com/planted.in.pages/,,"489 W 100 S, Provo, UT 84601",,,
Publik,Food / Beverages,https://publikcoffee.com/,,"975 S W Temple St, Salt Lake City, UT 84101",,,
Quarters Arcade Bar,Food / Beverages,https://www.quartersslc.com/,,"1045 E 2100 S, Salt Lake City, UT 84105",,,
Rachel Claire Functional Health,Movement & Recreation / Health,https://www.rachelclairehhc.com/,,online,,,
Raunch Records,Shopping & Retail,https://www.instagram.com/raunchrecords/?hl=en,,"1119 E 2100 S, Salt Lake City, UT 84106",,,
Riso Geist,Art (riso printing),https://risogeist.com/,,"314 W Broadway # 200, Salt Lake City, UT 84101",,,
Rooted Vintage,Shopping & Retail,https://www.instagram.com/rootedvintage/,,"147 E State St, Lehi, UT 84043",,,
Salt & Honey Market,Shopping & Retail,https://www.saltandhoneymarket.com/,,"926 E 900 S, Salt Lake City, UT 84105",,,
Salt Lake Pottery Studio,Art,https://saltlakepotterystudio.com/,,"965 E 900 S, Salt Lake City, UT 84102",,,
"Salt Lake Sewciety",Shopping & Retail,https://www.saltlakesewciety.com/,,"1991 S 1100 E Suite C, Salt Lake City, UT 84106",,,
Scion Cider,Food / Beverages,https://www.scionciderbar.com/,,,,,
Seven Sisters Studio,Movement & Recreation / Health,https://www.studiosevensisters.com/,,,,,
Sewtopia,Shopping & Retail,https://www.sewtopia.com/,,,,,
Sound Brew Coffee,Food / Beverages,https://www.instagram.com/soundbrew/,,,,,
Space Tea,Food / Beverages,https://www.spaceteaslc.com/,,,,,
Strawberry Moon Tattoo Collective,Body Art,https://www.instagram.com/strawberrymoon.collective/,,,,,
Sugar House Coffee,Food / Beverages,https://www.instagram.com/sugarhousecoffee/,,,,,
Sweet Hazel & Co,Food / Beverages,https://sweethazelandco.com/,,,,,
Tandoori Taqueria,Food / Beverages,https://thetandooritaqueria.com/,,,,,
Tea Zaanti,Food / Beverages,https://www.teazaanti.com/,,,,,
The Bean Yard,Food / Beverages,https://www.thebeanyard.com/,,,,,
The Book Box Bookshop,Bookstore,https://www.shopbookbox.com/,,,,,
The Front Climbing,Movement & Recreation / Health,https://thefrontclimbingclub.com/,,,,,
The Green Room Hi-Fi Bar,Food / Beverages,https://www.instagram.com/thegreenroom.bar/,,,,,
The Heavy Metal Shop,Shopping & Retail,https://www.heavymetalshop.com/,,,,,
The King's English Bookshop,Bookstore,https://www.kingsenglish.com/,,,,,
The Legendarium,Bookstore,https://legendariumbooks.com/,,,,,
The Neighborhood Hive,Food / Beverages,https://theneighborhoodhive.org/,,,,,
The Pearl Bar & Kitchen,Food / Beverages,https://www.thepearlslc.com/,,,,,
The Pizza Yard and Dandelion Gelato,Food / Beverages,https://www.instagram.com/thepizzayard/,,,,,
The Point Pilates,Movement & Recreation / Health,https://www.thepointpilates.com/,,,,,
"The Post Trading Co.",Shopping & Retail,https://www.thepostslc.com/,,,,,
The Printed Garden Booksellers,Bookstore,https://www.theprintedgarden.com/,,,,,
The Stockist Shop,Shopping & Retail,https://thestockistshop.com/,,,,,
"The Village Vintage Interiors",Shopping & Retail,https://www.instagram.com/thevillagevintageslc//,,,,,
Thieves Guild Cidery,Food / Beverages,https://www.thievesguildcidery.com/,,,,,
Un Cafecito,Food / Beverages,https://uncafecitoslc.com/,,,,,
Under the Umbrella Bookstore,Bookstore,https://www.undertheumbrellabookstore.com/,,,,,
Unhinged,Shopping & Retail,https://unhingedut.com/,,,,,
Unique inque tattoo,Body Art,https://www.instagram.com/uniqueinque.tattooshop/,,,,,
URBAN SAILOR COFFEE,Food / Beverages,https://urbansailorcoffee.com/,,,,,
Utah Museum of Contemporary Art,Art,https://utahmoca.org/,,,,,
Vaudeville Underground Circus Arts Studio,Movement & Recreation / Health,https://www.vaudevilleunderground.com/,,,,,
Vegan Daddy Meats,Food / Beverages,https://vegandaddymeats.com/,,,,,
Vintage Drift,Shopping & Retail,https://www.vintagedriftslc.com/,online,,,,
Wandering Wizards Co-op Shop,Shopping & Retail,https://www.instagram.com/wanderingwizardsshop/,,,,,
Weller Book Works,Bookstore,https://www.wellerbookworks.com/,,,,,
Wicked West Nails,Hair & Nails / Salon,https://www.wickedwestnails.com/,,,,,
YogaSix Sugarhouse,Movement & Recreation / Health,https://www.instagram.com/p/DUGxl-FEh88/,,,,,
"zest kitchen & bar",Food / Beverages,https://www.instagram.com/zestslc/,,,,,
Buzzed Coffee,Food / Beverages,https://buzzedcoffeecompany.com/,,,,,
SaltFire Brewing,Food / Beverages,https://www.saltfirebrewing.com/,,,,,
"Centered City Yoga",Movement & Recreation / Health,https://www.centeredcityyoga.com/,,,,,
The Green Ant,Shopping & Retail,https://thegreenant.com/,,,,,
Cluck Truck,Food / Beverages,https://www.clucktruckutah.com/,,,,,
KUAA 99.9 FM,Radio Station Broadcast,https://kuaafm.org/,,,,,
Zion Brewery,Food / Beverages,https://zionbrewery.com/,,,,,
"TRES GATOS Coffee",Food / Beverages,https://www.instagram.com/tresgatoscoffee/,,,,,
"Shugarlandia",Food / Beverages,https://www.shugarlandia.com/,,,,,
"The Bagel Project",Food / Beverages,https://bagelproject.com/,,,,,
"Hopkins Brewing Co.",Food / Beverages,https://www.hopkinsbrewingcompany.com/,,,,,
"Wild Meraki Apothecary",Shopping & Retail,https://wildmerakicreations.com/,,,,,
Turiya's,Shopping & Retail,https://www.instagram.com/Turiyasgifts,,,,,
iconoCLAD,Shopping & Retail,https://iconoclad.com/,,,,,
"Bit And Spur Restaurant And Saloon",Food / Beverages,https://www.bitandspur.com/,,"1212 Zion Park Blvd, Springdale, UT 84767",Washington County,,
"The Bayou",Food / Beverages,https://www.utahbayou.com/,,"645 S State St, Salt Lake City, UT, United States, 84111",Salt Lake County,,
Cakes by Edith Bakery,Food / Beverages,https://www.cakesbyedithbakery.com/,,"1736 West 5000 South, Taylorsville, UT 84129",Salt Lake County,,
"Poppy Books & Gifts",Bookstore,poppybookssf.com,,"56 W 200 N, Spanish Fork, UT 84660",Utah County,,
The Pumpkin Cottage bookshop & cafe,Bookstore,thepumpkincottage.com,,"296 S Main St 3, Springville, UT 84663",Utah County,,
"Incredible Dwellings and Beyond",Shopping & Retail,incredibledwelling.com,,"1764 Uinta Way G1, Park City, UT 84098",Summit County,,